Workbook

Sheet Summary
A1: Severely Adverse — Mortgage Stress-Test Results
A2: Loan-level PD model on real Freddie Mac mortgages, projected under the Federal Reserve's 2026 baseline vs severely-adverse (CCAR/DFAST) scenarios.
A4: Portfolio (UPB) | D4: Loans | G4: Baseline loss rate
A5: =Projection!$H$2 -> 35446498000 | D5: =Projection!$I$2 -> 147609 | G5: =Projection!B15 -> 0.0018397061
A7: Severely-adverse loss | D7: Severe ÷ baseline
A8: =Projection!C15 -> 0.0099397089 | D8: =Projection!C15/Projection!B15 -> 5.4028788
A11: Headline
A12: =CONCATENATE("Projected 13-quarter loss = ",TEXT(Projection!B15,"0.00%")," (baseline) vs ",TEXT(Projection!C15,"0.00%")," (severely adverse) — ",TEXT(Projection!C15/Projection!B15,"0.0"),"x baseline.") -> Projected 13-quarter loss = 0.18% (baseline) vs 0.99% (severely adverse) — 5.4x baseline.

Sheet Projection
A1: Quarter | B1: Baseline cum loss % | C1: Severe cum loss % | D1: Baseline cum default % | E1: Severe cum default % | F1: Unemployment (severe) % | H1: Portfolio UPB | I1: Loans
A2: 2026Q1 | B2: 0.00014309458 | C2: 0.00020051269 | D2: 0.000474 | E2: 0.000664 | F2: 0.056 | H2: 35446498000 | I2: 147609
A3: 2026Q2 | B3: 0.0002872306 | C3: 0.00047475722 | D3: 0.000951 | E3: 0.001571 | F3: 0.0647
A4: 2026Q3 | B4: 0.00043235364 | C4: 0.00085161995 | D4: 0.001432 | E4: 0.002817 | F4: 0.0733
A5: 2026Q4 | B5: 0.00057680999 | C5: 0.0013725667 | D5: 0.00191 | E5: 0.00454 | F5: 0.082
A6: 2027Q1 | B6: 0.00072054563 | C6: 0.0020388554 | D6: 0.002386 | E6: 0.006741 | F6: 0.088
A7: 2027Q2 | B7: 0.00086351755 | C7: 0.0028949732 | D7: 0.00286 | E7: 0.009569 | F7: 0.094
A8: 2027Q3 | B8: 0.0010056858 | C8: 0.0040006663 | D8: 0.003331 | E8: 0.013219 | F8: 0.1
A9: 2027Q4 | B9: 0.00114701 | C9: 0.005154962 | D9: 0.003799 | E9: 0.017027 | F9: 0.098
A10: 2028Q1 | B10: 0.0012874529 | C10: 0.00624695 | D10: 0.004264 | E10: 0.02063 | F10: 0.096
A11: 2028Q2 | B11: 0.0014269769 | C11: 0.0072789954 | D11: 0.004727 | E11: 0.024035 | F11: 0.094
A12: 2028Q3 | B12: 0.0015655461 | C12: 0.0082355451 | D12: 0.005186 | E12: 0.027191 | F12: 0.0913
A13: 2028Q4 | B13: 0.0017031278 | C13: 0.0091212246 | D13: 0.005642 | E13: 0.030114 | F13: 0.0887
A14: 2029Q1 | B14: 0.0018397061 | C14: 0.0099397089 | D14: 0.006094 | E14: 0.032815 | F14: 0.086
A15: Final | B15: =B14 -> 0.0018397061 | C15: =C14 -> 0.0099397089

Sheet Segments
A1: Loss rate by risk segment (severely adverse)
A3: FICO band | B3: Loans | C3: Loss rate % | D3: Expected loss
A4: 620-659 | B4: 6062 | C4: 0.01977016 | D4: 23926401
A5: 660-699 | B5: 18222 | C5: 0.01590885 | D5: 64490834
A6: 700-739 | B6: 33765 | C6: 0.012419011 | D6: 1.0077265e+08
A7: 740-779 | B7: 45589 | C7: 0.0087260662 | D7: 99852254
A8: 780+ | B8: 43868 | C8: 0.0059344191 | D8: 62959872
A9: <620 | B9: 103 | C9: 0.020553998 | D9: 325863.08
A11: Original LTV band | B11: Loans | C11: Loss rate % | D11: Expected loss
A12: 61-70 | B12: 16414 | C12: 0.0078237024 | D12: 31021582
A13: 71-80 | B13: 58255 | C13: 0.0094759617 | D13: 1.3536931e+08
A14: 81-90 | B14: 17973 | C14: 0.011924672 | D14: 57243256
A15: 91+ | B15: 28904 | C15: 0.014515096 | D15: 1.0174893e+08
A16: <=60 | B16: 26063 | C16: 0.0050031203 | D16: 26944795

Sheet Stress Calculator
A1: Interactive Stress Calculator (change the blue inputs)
A2: Illustrative — driven by the fitted discrete-time hazard on a representative loan. Change B4/B5; the loss path recomputes.
A4: Unemployment peak (%) | B4: 10
A5: House-price decline (%) | B5: 30
E7: Feature | F7: Coef | G7: Mean | H7: Scale
E8: loan_age_q | F8: 0.253899 | G8: 12.23412 | H8: 11.85223 | K8: intercept | L8: -6.954892
E9: loan_age_q_sq | F9: -0.064737 | G9: 290.14905 | H9: 557.65064 | K9: fico_rep | L9: 747.34255
E10: fico | F10: -0.427612 | G10: 730.19964 | H10: 55.623467 | K10: oltv_rep | L10: 75.677384
E11: current_ltv | F11: 0.352582 | G11: 74.84806 | H11: 21.090737 | K11: dti_rep | L11: 35.428924
E12: odti | F12: 0.253613 | G12: 35.895404 | H12: 11.551719 | K12: rate_rep | L12: 4.3888619
E13: orig_rate | F13: 0.052371 | G13: 5.628725 | H13: 0.949671 | K13: lgd | L13: 0.3
E14: unemployment_rate | F14: 0.58025 | G14: 6.603191 | H14: 2.111722 | K14: prepay_q | L14: 0.0165
K15: base_unemp | L15: 4.5
K16: start_age | L16: 6
K17: portfolio_upb | L17: 35446498000
A19: t | B19: Age(q) | C19: Age^2 | D19: Unemp% | E19: HPI idx | F19: Cur LTV | G19: z | H19: h_def | I19: Survival | J19: Exp def | K19: Cum def | L19: Cum loss %
A20: 1 | B20: =$L$16+A20 -> 7 | C20: =B20^2 -> 49 | D20: =$L$15+($B$4-$L$15)*MIN(A20,7)/7 -> 5.2857143 | E20: =100*(1-($B$5/100)*MIN(A20,8)/8) -> 96.25 | F20: =MIN($L$10*100/E20,250) -> 78.625854 | G20: =$L$8+$F$8*((B20-$G$8)/$H$8)+$F$9*((C20-$G$9)/$H$9)+$F$10*(($L$9-$G$10)/$H$10)+$F$11*((F20-$G$11)/$H$11)+$F$12*(($L$11-$G$12)/$H$12)+$F$13*(($L$12-$G$13)/$H$13)+$F$14*((D20-$G$14)/$H$14) -> -7.5482823 | H20: =1/(1+EXP(-G20)) -> 0.00052673702 | I20: =1 -> 1 | J20: =I20*H20 -> 0.00052673702 | K20: =J20 -> 0.00052673702 | L20: =K20*$L$13 -> 0.00015802111
A21: 2 | B21: =$L$16+A21 -> 8 | C21: =B21^2 -> 64 | D21: =$L$15+($B$4-$L$15)*MIN(A21,7)/7 -> 6.0714286 | E21: =100*(1-($B$5/100)*MIN(A21,8)/8) -> 92.5 | F21: =MIN($L$10*100/E21,250) -> 81.813388 | G21: =$L$8+$F$8*((B21-$G$8)/$H$8)+$F$9*((C21-$G$9)/$H$9)+$F$10*(($L$9-$G$10)/$H$10)+$F$11*((F21-$G$11)/$H$11)+$F$12*(($L$11-$G$12)/$H$12)+$F$13*(($L$12-$G$13)/$H$13)+$F$14*((D21-$G$14)/$H$14) -> -7.2594191 | H21: =1/(1+EXP(-G21)) -> 0.00070302202 | I21: =I20*(1-H20-$L$14) -> 0.98297326 | J21: =I21*H21 -> 0.00069105185 | K21: =K20+J21 -> 0.0012177889 | L21: =K21*$L$13 -> 0.00036533666
A22: 3 | B22: =$L$16+A22 -> 9 | C22: =B22^2 -> 81 | D22: =$L$15+($B$4-$L$15)*MIN(A22,7)/7 -> 6.8571429 | E22: =100*(1-($B$5/100)*MIN(A22,8)/8) -> 88.75 | F22: =MIN($L$10*100/E22,250) -> 85.270292 | G22: =$L$8+$F$8*((B22-$G$8)/$H$8)+$F$9*((C22-$G$9)/$H$9)+$F$10*(($L$9-$G$10)/$H$10)+$F$11*((F22-$G$11)/$H$11)+$F$12*(($L$11-$G$12)/$H$12)+$F$13*(($L$12-$G$13)/$H$13)+$F$14*((D22-$G$14)/$H$14) -> -6.9662849 | H22: =1/(1+EXP(-G22)) -> 0.0009422616 | I22: =I21*(1-H21-$L$14) -> 0.96606315 | J22: =I22*H22 -> 0.00091028421 | K22: =K21+J22 -> 0.0021280731 | L22: =K22*$L$13 -> 0.00063842192
A23: 4 | B23: =$L$16+A23 -> 10 | C23: =B23^2 -> 100 | D23: =$L$15+($B$4-$L$15)*MIN(A23,7)/7 -> 7.6428571 | E23: =100*(1-($B$5/100)*MIN(A23,8)/8) -> 85 | F23: =MIN($L$10*100/E23,250) -> 89.032217 | G23: =$L$8+$F$8*((B23-$G$8)/$H$8)+$F$9*((C23-$G$9)/$H$9)+$F$10*(($L$9-$G$10)/$H$10)+$F$11*((F23-$G$11)/$H$11)+$F$12*(($L$11-$G$12)/$H$12)+$F$13*(($L$12-$G$13)/$H$13)+$F$14*((D23-$G$14)/$H$14) -> -6.6682838 | H23: =1/(1+EXP(-G23)) -> 0.0012689652 | I23: =I22*(1-H22-$L$14) -> 0.94921283 | J23: =I23*H23 -> 0.001204518 | K23: =K22+J23 -> 0.0033325911 | L23: =K23*$L$13 -> 0.00099977732
A24: 5 | B24: =$L$16+A24 -> 11 | C24: =B24^2 -> 121 | D24: =$L$15+($B$4-$L$15)*MIN(A24,7)/7 -> 8.4285714 | E24: =100*(1-($B$5/100)*MIN(A24,8)/8) -> 81.25 | F24: =MIN($L$10*100/E24,250) -> 93.141396 | G24: =$L$8+$F$8*((B24-$G$8)/$H$8)+$F$9*((C24-$G$9)/$H$9)+$F$10*(($L$9-$G$10)/$H$10)+$F$11*((F24-$G$11)/$H$11)+$F$12*(($L$11-$G$12)/$H$12)+$F$13*(($L$12-$G$13)/$H$13)+$F$14*((D24-$G$14)/$H$14) -> -6.3647096 | H24: =1/(1+EXP(-G24)) -> 0.0017182836 | I24: =I23*(1-H23-$L$14) -> 0.9323463 | J24: =I24*H24 -> 0.0016020354 | K24: =K23+J24 -> 0.0049346264 | L24: =K24*$L$13 -> 0.0014803879
A25: 6 | B25: =$L$16+A25 -> 12 | C25: =B25^2 -> 144 | D25: =$L$15+($B$4-$L$15)*MIN(A25,7)/7 -> 9.2142857 | E25: =100*(1-($B$5/100)*MIN(A25,8)/8) -> 77.5 | F25: =MIN($L$10*100/E25,250) -> 97.648238 | G25: =$L$8+$F$8*((B25-$G$8)/$H$8)+$F$9*((C25-$G$9)/$H$9)+$F$10*(($L$9-$G$10)/$H$10)+$F$11*((F25-$G$11)/$H$11)+$F$12*(($L$11-$G$12)/$H$12)+$F$13*(($L$12-$G$13)/$H$13)+$F$14*((D25-$G$14)/$H$14) -> -6.0547198 | H25: =1/(1+EXP(-G25)) -> 0.0023412653 | I25: =I24*(1-H24-$L$14) -> 0.91536055 | J25: =I25*H25 -> 0.0021431019 | K25: =K24+J25 -> 0.0070777283 | L25: =K25*$L$13 -> 0.0021233185
A26: 7 | B26: =$L$16+A26 -> 13 | C26: =B26^2 -> 169 | D26: =$L$15+($B$4-$L$15)*MIN(A26,7)/7 -> 10 | E26: =100*(1-($B$5/100)*MIN(A26,8)/8) -> 73.75 | F26: =MIN($L$10*100/E26,250) -> 102.6134 | G26: =$L$8+$F$8*((B26-$G$8)/$H$8)+$F$9*((C26-$G$9)/$H$9)+$F$10*(($L$9-$G$10)/$H$10)+$F$11*((F26-$G$11)/$H$11)+$F$12*(($L$11-$G$12)/$H$12)+$F$13*(($L$12-$G$13)/$H$13)+$F$14*((D26-$G$14)/$H$14) -> -5.7373001 | H26: =1/(1+EXP(-G26)) -> 0.0032131021 | I26: =I25*(1-H25-$L$14) -> 0.898114 | J26: =I26*H26 -> 0.002885732 | K26: =K25+J26 -> 0.0099634603 | L26: =K26*$L$13 -> 0.0029890381
A27: 8 | B27: =$L$16+A27 -> 14 | C27: =B27^2 -> 196 | D27: =$L$15+($B$4-$L$15)*MIN(A27,7)/7 -> 10 | E27: =100*(1-($B$5/100)*MIN(A27,8)/8) -> 70 | F27: =MIN($L$10*100/E27,250) -> 108.11055 | G27: =$L$8+$F$8*((B27-$G$8)/$H$8)+$F$9*((C27-$G$9)/$H$9)+$F$10*(($L$9-$G$10)/$H$10)+$F$11*((F27-$G$11)/$H$11)+$F$12*(($L$11-$G$12)/$H$12)+$F$13*(($L$12-$G$13)/$H$13)+$F$14*((D27-$G$14)/$H$14) -> -5.6271146 | H27: =1/(1+EXP(-G27)) -> 0.0035860389 | I27: =I26*(1-H26-$L$14) -> 0.88040938 | J27: =I27*H27 -> 0.0031571823 | K27: =K26+J27 -> 0.013120643 | L27: =K27*$L$13 -> 0.0039361928
A28: 9 | B28: =$L$16+A28 -> 15 | C28: =B28^2 -> 225 | D28: =$L$15+($B$4-$L$15)*MIN(A28,7)/7 -> 10 | E28: =100*(1-($B$5/100)*MIN(A28,8)/8) -> 70 | F28: =MIN($L$10*100/E28,250) -> 108.11055 | G28: =$L$8+$F$8*((B28-$G$8)/$H$8)+$F$9*((C28-$G$9)/$H$9)+$F$10*(($L$9-$G$10)/$H$10)+$F$11*((F28-$G$11)/$H$11)+$F$12*(($L$11-$G$12)/$H$12)+$F$13*(($L$12-$G$13)/$H$13)+$F$14*((D28-$G$14)/$H$14) -> -5.6090591 | H28: =1/(1+EXP(-G28)) -> 0.003651136 | I28: =I27*(1-H27-$L$14) -> 0.86272545 | J28: =I28*H28 -> 0.003149928 | K28: =K27+J28 -> 0.016270571 | L28: =K28*$L$13 -> 0.0048811712
A29: 10 | B29: =$L$16+A29 -> 16 | C29: =B29^2 -> 256 | D29: =$L$15+($B$4-$L$15)*MIN(A29,7)/7 -> 10 | E29: =100*(1-($B$5/100)*MIN(A29,8)/8) -> 70 | F29: =MIN($L$10*100/E29,250) -> 108.11055 | G29: =$L$8+$F$8*((B29-$G$8)/$H$8)+$F$9*((C29-$G$9)/$H$9)+$F$10*(($L$9-$G$10)/$H$10)+$F$11*((F29-$G$11)/$H$11)+$F$12*(($L$11-$G$12)/$H$12)+$F$13*(($L$12-$G$13)/$H$13)+$F$14*((D29-$G$14)/$H$14) -> -5.5912358 | H29: =1/(1+EXP(-G29)) -> 0.0037165507 | I29: =I28*(1-H28-$L$14) -> 0.84534055 | J29: =I29*H29 -> 0.003141751 | K29: =K28+J29 -> 0.019412321 | L29: =K29*$L$13 -> 0.0058236964
A30: 11 | B30: =$L$16+A30 -> 17 | C30: =B30^2 -> 289 | D30: =$L$15+($B$4-$L$15)*MIN(A30,7)/7 -> 10 | E30: =100*(1-($B$5/100)*MIN(A30,8)/8) -> 70 | F30: =MIN($L$10*100/E30,250) -> 108.11055 | G30: =$L$8+$F$8*((B30-$G$8)/$H$8)+$F$9*((C30-$G$9)/$H$9)+$F$10*(($L$9-$G$10)/$H$10)+$F$11*((F30-$G$11)/$H$11)+$F$12*(($L$11-$G$12)/$H$12)+$F$13*(($L$12-$G$13)/$H$13)+$F$14*((D30-$G$14)/$H$14) -> -5.5736447 | H30: =1/(1+EXP(-G30)) -> 0.0037822579 | I30: =I29*(1-H29-$L$14) -> 0.82825068 | J30: =I30*H30 -> 0.0031326577 | K30: =K29+J30 -> 0.022544979 | L30: =K30*$L$13 -> 0.0067634937
A31: 12 | B31: =$L$16+A31 -> 18 | C31: =B31^2 -> 324 | D31: =$L$15+($B$4-$L$15)*MIN(A31,7)/7 -> 10 | E31: =100*(1-($B$5/100)*MIN(A31,8)/8) -> 70 | F31: =MIN($L$10*100/E31,250) -> 108.11055 | G31: =$L$8+$F$8*((B31-$G$8)/$H$8)+$F$9*((C31-$G$9)/$H$9)+$F$10*(($L$9-$G$10)/$H$10)+$F$11*((F31-$G$11)/$H$11)+$F$12*(($L$11-$G$12)/$H$12)+$F$13*(($L$12-$G$13)/$H$13)+$F$14*((D31-$G$14)/$H$14) -> -5.5562858 | H31: =1/(1+EXP(-G31)) -> 0.0038482322 | I31: =I30*(1-H30-$L$14) -> 0.81145188 | J31: =I31*H31 -> 0.0031226552 | K31: =K30+J31 -> 0.025667634 | L31: =K31*$L$13 -> 0.0077002903
A32: 13 | B32: =$L$16+A32 -> 19 | C32: =B32^2 -> 361 | D32: =$L$15+($B$4-$L$15)*MIN(A32,7)/7 -> 10 | E32: =100*(1-($B$5/100)*MIN(A32,8)/8) -> 70 | F32: =MIN($L$10*100/E32,250) -> 108.11055 | G32: =$L$8+$F$8*((B32-$G$8)/$H$8)+$F$9*((C32-$G$9)/$H$9)+$F$10*(($L$9-$G$10)/$H$10)+$F$11*((F32-$G$11)/$H$11)+$F$12*(($L$11-$G$12)/$H$12)+$F$13*(($L$12-$G$13)/$H$13)+$F$14*((D32-$G$14)/$H$14) -> -5.539159 | H32: =1/(1+EXP(-G32)) -> 0.0039144473 | I32: =I31*(1-H31-$L$14) -> 0.79494027 | J32: =I32*H32 -> 0.0031117518 | K32: =K31+J32 -> 0.028779386 | L32: =K32*$L$13 -> 0.0086338159
A34: Projected cumulative default | B34: =K32 -> 0.028779386
A35: Projected loss rate | B35: =L32 -> 0.0086338159
A36: Projected expected loss ($) | B36: =B35*$L$17 -> 3.0603854e+08
